{
    "kokkos-kernels#3.0.00": 195.6011502714073,
    "gcc@9.3.1": 77.48153125680881,
    "openssl#1.1.1l": 75.47155404841304,
    "trilinos#12.12.1": 70.41641409770662,
    "perl#5.34.0": 67.6650442809684,
    "readline#8.1": 65.82966548297325,
    "gdbm#1.19": 65.82966548297325,
    "berkeley-db#18.1.40": 65.82966548297325,
    "gcc": 63.88061569742173,
    "bzip2#1.0.8": 63.88061569742173,
    "diffutils#3.8": 62.1223031599197,
    "zlib#1.2.11": 62.1223031599197,
    "ncurses#6.2": 60.56924558092171,
    "pkgconf#1.8.0": 60.56924558092171,
    "libiconv#1.16": 60.40180674224263,
    "broadwell": 58.717534006416045,
    "parmetis#4.0.3": 44.93598410330986,
    "metis#5.1.0": 43.34302095573369,
    "openblas#0.3.18": 39.73094843741498,
    "llvm-amdgpu#4.3.1": 39.12023005428146,
    "cmake#3.22.1": 36.651629274966204,
    "openmpi#4.1.2": 32.98646634746959,
    "gcc@6.1.0": 32.18875824868201,
    "kokkos#3.1.01": 31.559021075879837,
    "kokkos#3.3.01": 31.296184043425168,
    "kokkos#3.4.00": 31.296184043425168,
    "openssh#8.7p1": 30.86637170565468,
    "libevent#2.1.12": 30.86637170565468,
    "libedit#3.1-20210216": 29.893161722789717,
    "libxml2#2.9.12": 28.606234930895475,
    "xz#5.2.5": 28.606234930895475,
    "numactl#2.0.14": 28.09165946876403,
    "z3#4.8.7": 28.052463178559854,
    "kokkos#3.1.00": 28.052463178559854,
    "kokkos#3.4.01": 27.38416103799702,
    "hwloc#2.6.0": 25.688094401522626,
    "hypre#2.11.2": 23.472138032568875,
    "libpciaccess#0.16": 22.28173840802911,
    "util-macros#1.19.3": 22.28173840802911,
    "autoconf#2.69": 21.67151047786685,
    "libtool#2.4.6": 21.08129366705301,
    "automake#1.16.3": 21.08129366705301,
    "hypre#2.11.1": 19.56011502714073,
    "libsigsegv#2.13": 18.896798240976196,
    "m4#1.4.19": 18.896798240976196,
    "superlu-dist#5.2.1": 17.53278948659991,
    "sqlite#3.36.0": 16.094379124341003,
    "libbsd#0.11.3": 16.094379124341003,
    "expat#2.4.1": 16.094379124341003,
    "libmd#1.0.3": 16.094379124341003,
    "util-linux-uuid#2.36.2": 16.094379124341003,
    "libffi#3.3": 16.094379124341003,
    "cmake#3.14.6": 15.955560221596667,
    "comgr#4.3.1": 15.648092021712584,
    "rocm-cmake#4.3.1": 15.648092021712584,
    "hypre#2.10.0b": 15.648092021712584,
    "gettext#0.21": 14.696759700589418,
    "tar#1.34": 14.271163556401458,
    "cmake#3.14.0": 14.026231589279927,
    "kokkos#3.2.00": 14.026231589279927,
    "kokkos#master": 11.736069016284437,
    "kokkos#develop": 11.736069016284437,
    "hypre#2.12.1": 11.736069016284437,
    "superlu-dist#5.1.0": 11.736069016284437,
    "cmake#3.17.5": 10.102914577233022,
    "parmetis#4.0.2": 9.656627474604601,
    "cmake#3.16.0": 8.987196820661973,
    "python#3.5.4": 7.824046010856292,
    "python#3.8.7": 7.824046010856292,
    "superlu-dist#5.3.0": 7.824046010856292,
    "z3#4.8.9": 7.013115794639964,
    "python#3.7.9": 7.013115794639964,
    "python#3.7.4": 7.013115794639964,
    "superlu-dist#5.1.2": 7.013115794639964,
    "superlu-dist#5.0.0": 7.013115794639964,
    "superlu-dist#5.2.2": 7.013115794639964,
    "cmake#3.18.1": 6.437751649736401,
    "superlu-dist#5.1.3": 6.437751649736401,
    "cmake#3.17.3": 5.991464547107982,
    "cmake#3.14.7": 5.318520073865556,
    "cmake#3.21.1": 5.051457288616511,
    "cmake#3.19.7": 4.815891217303744,
    "cmake#3.20.4": 4.815891217303744,
    "cmake#3.19.0": 4.605170185988092,
    "gcc@8.3.1": 4.080441657053109,
    "python#3.7.6": 3.912023005428146,
    "hdf5#develop-1.13": 3.912023005428146,
    "hdf5#1.12.1": 3.912023005428146,
    "cmake#3.12.2": 3.506557897319982,
    "python#3.7.5": 3.506557897319982,
    "boost#1.48.0": 3.506557897319982,
    "boost#1.49.0": 3.506557897319982,
    "cmake#3.13.5": 3.506557897319982,
    "cmake#3.13.1": 2.995732273553991,
    "cmake#3.13.3": 2.995732273553991,
    "cmake#3.16.9": 2.995732273553991,
    "cmake#3.15.3": 2.995732273553991,
    "cmake#3.15.7": 2.995732273553991,
    "cmake#3.13.0": 2.995732273553991,
    "cmake#3.15.5": 2.995732273553991,
    "cmake#3.19.1": 2.8134107167600364,
    "cmake#3.16.3": 2.8134107167600364,
    "cmake#3.11.4": 2.8134107167600364,
    "cmake#3.20.3": 2.8134107167600364,
    "cmake#3.12.1": 2.8134107167600364,
    "cmake#3.19.8": 2.659260036932778,
    "cmake#3.21.3": 2.659260036932778,
    "cmake#3.14.5": 2.659260036932778,
    "cmake#3.19.6": 2.659260036932778,
    "cmake#3.18.6": 2.659260036932778,
    "cmake#3.18.2": 2.659260036932778,
    "cmake#3.20.1": 2.5257286443082556,
    "cmake#3.18.4": 2.5257286443082556,
    "cmake#3.19.2": 2.5257286443082556,
    "cmake#master": 2.5257286443082556,
    "cmake#3.18.3": 2.5257286443082556,
    "cmake#3.21.0": 2.5257286443082556,
    "cmake#3.19.5": 2.407945608651872,
    "pcre#8.44": 0.0,
    "swig#4.0.2-fortran": 0.0,
    "adlbx#1.0.0": 0.0,
    "tcl#8.5.19": 0.0,
    "exmcutils#0.6.0": 0.0,
    "bison#3.8.2": 0.0,
    "zsh#5.3.1": 0.0,
    "turbine#1.3.0": 0.0,
    "zsh#5.6.2": 0.0,
    "swig#4.0.0": 0.0,
    "exmcutils#master": 0.0,
    "turbine#master": 0.0,
    "adlbx#master": 0.0,
    "adlbx#0.9.1": 0.0,
    "swig#fortran": 0.0,
    "exmcutils#0.5.7": 0.0,
    "swig#3.0.2": 0.0,
    "zsh#5.8": 0.0,
    "swig#4.0.1": 0.0,
    "adlbx#0.9.2": 0.0,
    "zsh#5.1.1": 0.0,
    "swig#3.0.10": 0.0,
    "swig#4.0.2": 0.0,
    "swig#3.0.11": 0.0,
    "swig#1.3.40": 0.0,
    "swig#3.0.8": 0.0,
    "zsh#5.7.1": 0.0,
    "swig#2.0.2": 0.0,
    "zsh#5.4.2": 0.0,
    "swig#master": 0.0,
    "swig#2.0.12": 0.0,
    "swig#3.0.12": 0.0,
    "mpich#3.1.4": 0.0,
    "findutils#4.8.0": 0.0,
    "cmake#2.8.10.2": 0.0,
    "papyrus#1.0.0": 0.0,
    "mpich#3.3.1": 0.0,
    "cmake#3.18.5": 0.0,
    "libfabric#1.14.0": 0.0,
    "mpich#3.2": 0.0,
    "cmake#3.10.2": 0.0,
    "libfabric#1.6.2": 0.0,
    "mpich#3.1.3": 0.0,
    "mpich#3.2.1": 0.0,
    "cmake#3.14.4": 0.0,
    "mpich#develop": 0.0,
    "python#3.9.9": 0.0,
    "mpich#3.4.2": 0.0,
    "mpich#3.3.2": 0.0,
    "mpich#3.4.1": 0.0,
    "mpich#3.4": 0.0,
    "cmake#3.20.0": 0.0,
    "cmake#3.8.1": 0.0,
    "mpich#3.3": 0.0,
    "cmake#3.17.4": 0.0,
    "cmake#3.19.4": 0.0,
    "cmake#3.12.3": 0.0,
    "cmake#3.13.2": 0.0,
    "cmake#3.16.1": 0.0,
    "cmake#3.13.4": 0.0,
    "cmake#3.16.4": 0.0,
    "cmake#3.11.0": 0.0,
    "cmake#3.15.6": 0.0,
    "cmake#3.9.6": 0.0,
    "cmake#3.17.0": 0.0,
    "cmake#3.10.1": 0.0,
    "cmake#3.15.4": 0.0,
    "cmake#3.11.1": 0.0,
    "cmake#3.19.3": 0.0,
    "cmake#3.16.8": 0.0,
    "cmake#3.16.2": 0.0,
    "cmake#3.9.4": 0.0,
    "cmake#3.11.2": 0.0,
    "cmake#3.12.4": 0.0,
    "cmake#3.9.0": 0.0,
    "cmake#3.8.0": 0.0,
    "cmake#3.10.0": 0.0,
    "cmake#3.14.3": 0.0,
    "cmake#3.15.0": 0.0,
    "cmake#3.15.2": 0.0,
    "cmake#3.9.2": 0.0,
    "cmake#3.14.2": 0.0,
    "cmake#3.8.2": 0.0,
    "glib#2.70.2": 0.0,
    "libgcrypt#1.9.3": 0.0,
    "libgpg-error#1.42": 0.0,
    "gmp#6.2.1": 0.0,
    "lz4#1.9.3": 0.0,
    "json-c#0.15": 0.0,
    "ninja#1.10.2": 0.0,
    "libyogrt#1.22": 0.0,
    "autoconf-archive#2019.01.06": 0.0,
    "curl#7.80.0": 0.0,
    "py-setuptools#59.4.0": 0.0,
    "texinfo#6.5": 0.0,
    "slurm#21-08-1-1": 0.0,
    "meson#0.60.0": 0.0,
    "gawk#5.1.0": 0.0,
    "munge#0.5.14": 0.0,
    "mpfr#4.1.0": 0.0,
    "libyogrt#1.21": 0.0,
    "python#3.9.6": 0.0,
    "llvm-amdgpu#3.8.0": 0.0,
    "comgr#3.8.0": 0.0,
    "rocm-cmake#3.8.0": 0.0,
    "python#3.9.5": 0.0,
    "python#3.8.3": 0.0,
    "python#3.5.1": 0.0,
    "cmake#3.10.3": 0.0,
    "python#3.6.12": 0.0,
    "python#3.5.6": 0.0,
    "cmake#3.6.0": 0.0,
    "python#3.7.11": 0.0,
    "python#3.7.7": 0.0,
    "python#3.6.7": 0.0,
    "python#3.6.4": 0.0,
    "python#3.7.8": 0.0,
    "python#3.8.5": 0.0,
    "python#3.8.1": 0.0,
    "binutils#2.20.1": 0.0,
    "cmake#3.5.1": 0.0,
    "python#3.9.4": 0.0,
    "cmake#3.5.2": 0.0,
    "python#3.5.9": 0.0,
    "binutils#2.23.2": 0.0,
    "python#3.9.1": 0.0,
    "python#3.5.10": 0.0,
    "python#3.6.8": 0.0,
    "upcxx#2020.11.0": 0.0,
    "python#2.7.16": 0.0,