{
    "broadwell": 2.724910075115158,
    "libiconv#1.16": 2.64892738528138,
    "diffutils#3.8": 2.575564521297874,
    "ncurses#6.2": 2.575564521297874,
    "pkgconf#1.8.0": 2.575564521297874,
    "zlib#1.2.11": 2.575564521297874,
    "gcc": 2.504672164680744,
    "bzip2#1.0.8": 2.504672164680744,
    "readline#8.1": 2.3697522819761123,
    "gdbm#1.19": 2.3697522819761123,
    "berkeley-db#18.1.40": 2.3697522819761123,
    "perl#5.34.0": 2.305473995586771,
    "openssl#1.1.1l": 2.067003945618107,
    "libxml2#2.9.12": 1.957615188971218,
    "xz#5.2.5": 1.957615188971218,
    "libsigsegv#2.13": 1.9050846360806708,
    "m4#1.4.19": 1.9050846360806708,
    "gcc@9.3.1": 1.755256998590213,
    "libtool#2.4.6": 1.7076750871443318,
    "automake#1.16.3": 1.7076750871443318,
    "autoconf#2.69": 1.6611670901650746,
    "libpciaccess#0.16": 1.6156728591260898,
    "util-macros#1.19.3": 1.6156728591260898,
    "libedit#3.1-20210216": 1.2042888047052782,
    "numactl#2.0.11": 0.5112444372706629,
    "hwloc#1.9": 0.33380820069533407,
    "hwloc#1.11.11": 0.31066746727980593,
    "openmpi#1.5.5": 0.25562221863533147,
    "openssh#8.6p1": 0.25562221863533147,
    "openssh#8.4p1": 0.25562221863533147,
    "openmpi#1.5.1": 0.25562221863533147,
    "numactl#2.0.14": 0.0,
    "openssh#8.7p1": 0.0,
    "openmpi#4.1.2": 0.0,
    "pcre#8.44": 0.0,
    "libevent#2.1.12": 0.0,
    "hwloc#2.6.0": 0.0,
    "swig#4.0.2-fortran": 0.0,
    "adlbx#1.0.0": 0.0,
    "tcl#8.5.19": 0.0,
    "exmcutils#0.6.0": 0.0,
    "bison#3.8.2": 0.0,
    "zsh#5.3.1": 0.0,
    "turbine#1.3.0": 0.0,
    "zsh#5.6.2": 0.0,
    "swig#4.0.0": 0.0,
    "exmcutils#master": 0.0,
    "turbine#master": 0.0,
    "adlbx#master": 0.0,
    "adlbx#0.9.1": 0.0,
    "swig#fortran": 0.0,
    "exmcutils#0.5.7": 0.0,
    "swig#3.0.2": 0.0,
    "zsh#5.8": 0.0,
    "swig#4.0.1": 0.0,
    "adlbx#0.9.2": 0.0,
    "zsh#5.1.1": 0.0,
    "swig#3.0.10": 0.0,
    "swig#4.0.2": 0.0,
    "swig#3.0.11": 0.0,
    "swig#1.3.40": 0.0,
    "swig#3.0.8": 0.0,
    "zsh#5.7.1": 0.0,
    "swig#2.0.2": 0.0,
    "zsh#5.4.2": 0.0,
    "swig#master": 0.0,
    "swig#2.0.12": 0.0,
    "swig#3.0.12": 0.0,
    "mpich#3.1.4": 0.0,
    "findutils#4.8.0": 0.0,
    "cmake#2.8.10.2": 0.0,
    "papyrus#1.0.0": 0.0,
    "mpich#3.3.1": 0.0,
    "cmake#3.18.5": 0.0,
    "libfabric#1.14.0": 0.0,
    "mpich#3.2": 0.0,
    "cmake#3.10.2": 0.0,
    "libfabric#1.6.2": 0.0,
    "mpich#3.1.3": 0.0,
    "cmake#3.19.8": 0.0,
    "mpich#3.2.1": 0.0,
    "cmake#3.14.4": 0.0,
    "mpich#develop": 0.0,
    "sqlite#3.36.0": 0.0,
    "tar#1.34": 0.0,
    "libbsd#0.11.3": 0.0,
    "cmake#3.21.1": 0.0,
    "expat#2.4.1": 0.0,
    "libmd#1.0.3": 0.0,
    "python#3.9.9": 0.0,
    "util-linux-uuid#2.36.2": 0.0,
    "gettext#0.21": 0.0,
    "libffi#3.3": 0.0,
    "mpich#3.4.2": 0.0,
    "mpich#3.3.2": 0.0,
    "cmake#3.21.3": 0.0,
    "cmake#3.19.1": 0.0,
    "mpich#3.4.1": 0.0,
    "cmake#3.16.0": 0.0,
    "mpich#3.4": 0.0,
    "cmake#3.13.1": 0.0,
    "cmake#3.20.0": 0.0,
    "cmake#3.14.7": 0.0,
    "cmake#3.8.1": 0.0,
    "cmake#3.20.1": 0.0,
    "cmake#3.12.2": 0.0,
    "mpich#3.3": 0.0,
    "cmake#3.17.4": 0.0,
    "cmake#3.19.5": 0.0,
    "cmake#3.18.4": 0.0,
    "cmake#3.19.4": 0.0,
    "cmake#3.12.3": 0.0,
    "cmake#3.13.2": 0.0,
    "cmake#3.19.2": 0.0,
    "cmake#3.16.1": 0.0,
    "cmake#3.13.4": 0.0,
    "cmake#3.16.4": 0.0,
    "cmake#3.14.5": 0.0,
    "cmake#3.11.0": 0.0,
    "cmake#3.15.6": 0.0,
    "cmake#3.9.6": 0.0,
    "cmake#3.17.0": 0.0,
    "cmake#3.10.1": 0.0,
    "cmake#3.15.4": 0.0,
    "cmake#3.11.1": 0.0,
    "cmake#3.19.3": 0.0,
    "cmake#3.16.8": 0.0,
    "cmake#3.13.3": 0.0,
    "cmake#3.16.2": 0.0,
    "cmake#3.16.9": 0.0,
    "cmake#3.9.4": 0.0,
    "cmake#3.11.2": 0.0,
    "cmake#3.12.4": 0.0,
    "cmake#3.9.0": 0.0,
    "cmake#3.15.3": 0.0,
    "cmake#3.8.0": 0.0,
    "cmake#3.19.7": 0.0,
    "cmake#3.10.0": 0.0,
    "cmake#3.14.3": 0.0,
    "cmake#3.14.0": 0.0,
    "cmake#3.15.7": 0.0,
    "cmake#3.16.3": 0.0,
    "cmake#3.17.5": 0.0,
    "cmake#3.15.0": 0.0,
    "cmake#master": 0.0,
    "cmake#3.15.2": 0.0,
    "cmake#3.9.2": 0.0,
    "cmake#3.17.3": 0.0,
    "cmake#3.18.3": 0.0,
    "cmake#3.13.0": 0.0,
    "cmake#3.15.5": 0.0,
    "cmake#3.14.2": 0.0,
    "cmake#3.8.2": 0.0,
    "cmake#3.11.4": 0.0,
    "glib#2.70.2": 0.0,
    "libgcrypt#1.9.3": 0.0,
    "libgpg-error#1.42": 0.0,
    "cmake#3.22.1": 0.0,
    "gmp#6.2.1": 0.0,
    "lz4#1.9.3": 0.0,
    "json-c#0.15": 0.0,
    "ninja#1.10.2": 0.0,
    "libyogrt#1.22": 0.0,
    "autoconf-archive#2019.01.06": 0.0,
    "curl#7.80.0": 0.0,
    "py-setuptools#59.4.0": 0.0,
    "texinfo#6.5": 0.0,
    "slurm#21-08-1-1": 0.0,
    "meson#0.60.0": 0.0,
    "gawk#5.1.0": 0.0,
    "munge#0.5.14": 0.0,
    "mpfr#4.1.0": 0.0,
    "libyogrt#1.21": 0.0,
    "gcc@6.1.0": 0.0,
    "python#3.9.6": 0.0,
    "llvm-amdgpu#3.8.0": 0.0,
    "z3#4.8.7": 0.0,
    "comgr#3.8.0": 0.0,
    "rocm-cmake#3.8.0": 0.0,
    "python#3.9.5": 0.0,
    "python#3.8.3": 0.0,
    "z3#4.8.9": 0.0,
    "python#3.7.9": 0.0,
    "llvm-amdgpu#4.3.1": 0.0,
    "python#3.7.5": 0.0,
    "cmake#3.14.6": 0.0,
    "python#3.7.6": 0.0,
    "python#3.5.4": 0.0,
    "comgr#4.3.1": 0.0,
    "rocm-cmake#4.3.1": 0.0,
    "python#3.8.7": 0.0,
    "python#3.5.1": 0.0,
    "cmake#3.10.3": 0.0,
    "python#3.6.12": 0.0,
    "python#3.5.6": 0.0,
    "cmake#3.6.0": 0.0,
    "python#3.7.11": 0.0,
    "python#3.7.7": 0.0,
    "python#3.6.7": 0.0,
    "python#3.7.4": 0.0,
    "python#3.6.4": 0.0,
    "python#3.7.8": 0.0,
    "python#3.8.5": 0.0,
    "python#3.8.1": 0.0,
    "binutils#2.20.1": 0.0,
    "cmake#3.5.1": 0.0,
    "python#3.9.4": 0.0,
    "cmake#3.5.2": 0.0,
    "python#3.5.9": 0.0,
    "binutils#2.23.2": 0.0,
    "python#3.9.1": 0.0,
    "python#3.5.10": 0.0,
    "python#3.6.8": 0.0,
    "upcxx#2020.11.0": 0.0,
    "python#2.7.16": 0.0,
    "mpich#3.1.1": 0.0,
    "upcxx#2020.10.0": 0.0,
    "mpich#3.1.2": 0.0,
    "python#2.7.14": 0.0,
    "upcxx#master": 0.0,
    "python#3.8.6": 0.0,
    "python#3.6.11": 0.0,
    "mpich#3.0.4": 0.0,
    "python#2.7.17": 0.0,
    "python#3.8.8": 0.0,
    "python#3.3.6": 0.0,
    "gdbm#1.21": 0.0,
    "python#3.6.14": 0.0,
    "python#3.7.1": 0.0,
    "python#3.5.7": 0.0,
    "upcxx#2021.9.0": 0.0,
    "legion#cr": 0.0,
    "gcc@4.9.3": 0.0,
    "legion#stable": 0.0,
    "legion#master": 0.0,
    "legion#21.03.0": 0.0,
    "cmake#3.19.0": 0.0,
    "cmake#3.19.6": 0.0,
    "cmake#3.20.4": 0.0,
    "cmake#3.18.1": 0.0,
    "cmake#3.18.6": 0.0,
    "cmake#3.20.3": 0.0,
    "cmake#3.20.2": 0.0,
    "cmake#3.18.2": 0.0,
    "cmake#3.21.2": 0.0,
    "cmake#3.21.0": 0.0,
    "cmake#3.18.0": 0.0,
    "cmake#3.16.5": 0.0,
    "cmake#3.16.6": 0.0,
    "cmake#3.16.7": 0.0,
    "cmake#3.20.5": 0.0,
    "cmake#3.17.1": 0.0,
    "python#2.7.18": 0.0,
    "perl-data-dumper#2.173": 0.0,
    "binutils#2.37": 0.0,
    "llvm#4.0.1": 0.0,
    "llvm#3.7.1": 0.0,
    "llvm#4.0.0": 0.0,
    "cmake#3.12.0": 0.0,
    "autoconf#2.62": 0.0,
    "automake#1.13.4": 0.0,
    "libtool#develop": 0.0,
    "help2man#1.47.16": 0.0,
    "automake#1.15.1": 0.0,
    "automake#1.16.2": 0.0,
    "automake#1.16.1": 0.0,
    "automake#1.15": 0.0,
    "autoconf#2.59": 0.0,
    "automake#1.14.1": 0.0,
    "boost#1.48.0": 0.0,
    "boost#1.49.0": 0.0,
    "python#2.7.13": 0.0,
    "phist#1.9.5": 0.0,
    "openblas#0.3.15": 0.0,
    "python#3.5.3": 0.0,
    "python#3.4.3": 0.0,
    "python#2.7.10": 0.0,
    "python#2.7.12": 0.0,
    "openblas#0.3.18": 0.0,
    "phist#1.9.0": 0.0,
    "python#2.7.8": 0.0,
    "openblas#0.3.6": 0.0,
    "phist#1.7.3": 0.0,
    "phist#1.9.1": 0.0,
    "openblas#develop": 0.0,
    "python#3.2.6": 0.0,
    "python#3.6.13": 0.0,
    "mpich#3.1": 0.0,
    "openblas#0.3.16": 0.0,
    "chai#1.0": 0.0,
    "blt#0.4.0": 0.0,
    "umpire#2.0.0": 0.0,
    "blt#main": 0.0,
    "umpire#4.1.0": 0.0,
    "umpire#4.1.2": 0.0,
    "blt#0.4.1": 0.0,
    "umpire#4.0.0": 0.0,
    "umpire#6.0.0": 0.0,
    "camp#0.2.2": 0.0,