{
    "variorum#0.2.0": 226.89733431483248,
    "chai#1.0": 74.32843710313477,
    "util-macros#1.19.3": 73.03458700409541,
    "libpciaccess#0.16": 71.7967126480938,
    "libtool#2.4.6": 69.09979590867376,
    "gcc@9.3.1": 67.22662270811352,
    "perl#5.34.0": 62.46004087474006,
    "gcc": 62.28360030498619,
    "libsigsegv#2.13": 61.93950534542198,
    "m4#1.4.19": 61.93950534542198,
    "readline#8.1": 60.765845061206086,
    "gdbm#1.19": 60.765845061206086,
    "berkeley-db#18.1.40": 60.765845061206086,
    "ncurses#6.2": 60.56924558092171,
    "pkgconf#1.8.0": 60.56924558092171,
    "zlib#1.2.11": 60.56924558092171,
    "libxml2#2.9.12": 60.27742360438689,
    "xz#5.2.5": 60.27742360438689,
    "openssl#1.1.1l": 59.022625601964045,
    "libiconv#1.16": 58.89176157368656,
    "bzip2#1.0.8": 57.492554127679554,
    "broadwell": 57.24959565625564,
    "diffutils#3.8": 55.910072843927736,
    "gcc@4.9.3": 45.750966564385564,
    "cmake#3.22.1": 36.651629274966204,
    "hwloc#2.5.0": 31.296184043425168,
    "hwloc#2.4.1": 31.296184043425168,
    "blt#0.4.1": 27.38416103799702,
    "hwloc#2.3.0": 27.38416103799702,
    "hwloc#1.11.13": 23.472138032568875,
    "hwloc#master": 23.472138032568875,
    "hwloc#2.4.0": 23.472138032568875,
    "autoconf#2.69": 20.467537673540914,
    "automake#1.16.3": 19.910110685550066,
    "blt#0.4.0": 15.648092021712584,
    "numactl#2.0.14": 15.606477482646683,
    "blt#main": 14.026231589279927,
    "umpire#2.0.0": 11.736069016284437,
    "umpire#1.0.0": 11.736069016284437,
    "blt#develop": 11.736069016284437,
    "hwloc#1.11.10": 10.519673691959945,
    "cmake#3.5.2": 9.656627474604601,
    "cmake#3.5.0": 9.656627474604601,
    "hwloc#1.11.6": 9.656627474604601,
    "cmake#3.4.3": 9.656627474604601,
    "cmake#3.16.9": 8.987196820661973,
    "hwloc#2.6.0": 8.562698133840875,
    "umpire#4.1.2": 7.824046010856292,
    "umpire#4.0.0": 7.824046010856292,
    "umpire#6.0.0": 7.824046010856292,
    "camp#0.2.2": 7.824046010856292,
    "cmake#3.21.1": 7.577185932924767,
    "cmake#3.0.2": 7.013115794639964,
    "cmake#3.15.1": 7.013115794639964,
    "cmake#3.4.0": 7.013115794639964,
    "cmake#3.15.0": 6.437751649736401,
    "cmake#3.17.0": 5.991464547107982,
    "cmake#3.15.5": 5.991464547107982,
    "cmake#3.16.2": 5.318520073865556,
    "cmake#3.19.3": 5.051457288616511,
    "umpire#0.3.5": 3.912023005428146,
    "umpire#2.1.0": 3.912023005428146,
    "umpire#4.1.1": 3.912023005428146,
    "umpire#3.0.0": 3.912023005428146,
    "umpire#5.0.1": 3.912023005428146,
    "camp#0.1.0": 3.912023005428146,
    "umpire#4.0.1": 3.912023005428146,
    "blt#0.3.6": 3.912023005428146,
    "umpire#0.3.4": 3.912023005428146,
    "harfbuzz#1.4.6": 3.912023005428146,
    "glib#2.68.4": 3.912023005428146,
    "libxkbcommon#0.8.2": 3.912023005428146,
    "libjpeg-turbo#2.1.0": 3.912023005428146,
    "libxrender#0.9.9": 3.912023005428146,
    "libx11#1.6.7": 3.912023005428146,
    "cmake#3.8.1": 3.506557897319982,
    "cmake#3.17.1": 3.506557897319982,
    "hwloc#2.2.0": 3.506557897319982,
    "hwloc#1.11.2": 3.506557897319982,
    "cmake#3.6.1": 3.506557897319982,
    "hwloc#1.11.3": 3.506557897319982,
    "hwloc#1.11.1": 3.506557897319982,
    "cmake#3.1.0": 3.506557897319982,
    "cmake#3.11.3": 3.506557897319982,
    "libsm#1.2.3": 3.506557897319982,
    "libxcb#1.14": 3.506557897319982,
    "libxfont#1.5.2": 3.506557897319982,
    "gperf#3.1": 3.506557897319982,
    "nasm#2.15.05": 3.506557897319982,
    "xcb-util#0.4.0": 3.506557897319982,
    "renderproto#0.11.1": 3.506557897319982,
    "libtiff#4.3.0": 3.506557897319982,
    "libxext#1.3.3": 3.506557897319982,
    "qt#5.12.10": 3.506557897319982,
    "libice#1.0.9": 3.506557897319982,
    "freetype#2.11.0": 3.506557897319982,
    "xcb-proto#1.14.1": 3.506557897319982,
    "libxau#1.0.8": 3.506557897319982,
    "xcb-util-wm#0.4.1": 3.506557897319982,
    "double-conversion#2.0.1": 3.506557897319982,
    "xkbcomp#1.4.4": 3.506557897319982,
    "libpng#1.6.37": 3.506557897319982,
    "xcb-util-image#0.4.0": 3.506557897319982,
    "xproto#7.0.31": 3.506557897319982,
    "inputproto#2.3.2": 3.506557897319982,
    "cairo#1.16.0": 3.506557897319982,
    "xkbdata#1.0.1": 3.506557897319982,
    "libxdmcp#1.1.2": 3.506557897319982,
    "pcre2#10.36": 3.506557897319982,
    "mkfontscale#1.1.2": 3.506557897319982,
    "bdftopcf#1.0.5": 3.506557897319982,
    "xextproto#7.3.0": 3.506557897319982,
    "icu4c#67.1": 3.506557897319982,
    "libfontenc#1.1.3": 3.506557897319982,
    "kbproto#1.0.7": 3.506557897319982,
    "pixman#0.40.0": 3.506557897319982,
    "libxkbfile#1.0.9": 3.506557897319982,
    "libpthread-stubs#0.4": 3.506557897319982,
    "fontsproto#2.1.3": 3.506557897319982,
    "font-util#1.3.2": 3.506557897319982,
    "mkfontdir#1.0.7": 3.506557897319982,
    "xtrans#1.3.5": 3.506557897319982,
    "lcms#2.9": 3.506557897319982,
    "xcb-util-keysyms#0.4.0": 3.506557897319982,
    "xcb-util-renderutil#0.3.9": 3.506557897319982,
    "libmng#2.0.3": 3.506557897319982,
    "fontconfig#2.12.3": 3.506557897319982,
    "cmake#3.12.3": 3.2188758248682006,
    "cmake#3.8.2": 3.2188758248682006,
    "cmake#3.10.3": 3.2188758248682006,
    "cmake#3.6.0": 3.2188758248682006,
    "cmake#3.5.1": 3.2188758248682006,
    "bison#3.8.2": 2.995732273553991,
    "cmake#3.10.2": 2.995732273553991,
    "cmake#3.16.0": 2.995732273553991,
    "cmake#3.16.1": 2.995732273553991,
    "cmake#3.11.1": 2.995732273553991,
    "cmake#3.15.3": 2.995732273553991,
    "cmake#3.14.3": 2.995732273553991,
    "cmake#3.15.7": 2.995732273553991,
    "cmake#3.15.2": 2.995732273553991,
    "cmake#3.16.6": 2.995732273553991,
    "hwloc#1.9": 2.995732273553991,
    "cmake#3.14.4": 2.8134107167600364,
    "cmake#3.16.3": 2.8134107167600364,
    "cmake#3.12.1": 2.8134107167600364,
    "cmake#3.15.6": 2.659260036932778,
    "cmake#3.18.6": 2.659260036932778,
    "cmake#3.17.5": 2.5257286443082556,
    "meson#0.60.0": 2.5257286443082556,
    "cmake#3.19.5": 2.407945608651872,
    "cmake#3.19.7": 2.407945608651872,
    "ninja#1.10.2": 2.407945608651872,
    "pcre#8.44": 2.302585092994046,
    "python#3.9.9": 2.207274913189721,
    "py-setuptools#59.4.0": 2.120263536200091,
    "sqlite#3.36.0": 1.6094379124341003,
    "libbsd#0.11.3": 1.6094379124341003,
    "expat#2.4.1": 1.6094379124341003,
    "libmd#1.0.3": 1.6094379124341003,
    "util-linux-uuid#2.36.2": 1.6094379124341003,
    "libffi#3.3": 1.6094379124341003,
    "gettext#0.21": 1.4696759700589417,
    "tar#1.34": 1.4271163556401458,
    "openssh#8.7p1": 0.0,
    "openmpi#4.1.2": 0.0,
    "libevent#2.1.12": 0.0,
    "libedit#3.1-20210216": 0.0,
    "swig#4.0.2-fortran": 0.0,
    "adlbx#1.0.0": 0.0,
    "tcl#8.5.19": 0.0,
    "exmcutils#0.6.0": 0.0,
    "zsh#5.3.1": 0.0,
    "turbine#1.3.0": 0.0,
    "zsh#5.6.2": 0.0,
    "swig#4.0.0": 0.0,
    "exmcutils#master": 0.0,
    "turbine#master": 0.0,
    "adlbx#master": 0.0,
    "adlbx#0.9.1": 0.0,
    "swig#fortran": 0.0,
    "exmcutils#0.5.7": 0.0,
    "swig#3.0.2": 0.0,
    "zsh#5.8": 0.0,
    "swig#4.0.1": 0.0,
    "adlbx#0.9.2": 0.0,
    "zsh#5.1.1": 0.0,
    "swig#3.0.10": 0.0,
    "swig#4.0.2": 0.0,
    "swig#3.0.11": 0.0,
    "swig#1.3.40": 0.0,
    "swig#3.0.8": 0.0,
    "zsh#5.7.1": 0.0,
    "swig#2.0.2": 0.0,
    "zsh#5.4.2": 0.0,
    "swig#master": 0.0,
    "swig#2.0.12": 0.0,
    "swig#3.0.12": 0.0,
    "mpich#3.1.4": 0.0,
    "findutils#4.8.0": 0.0,
    "cmake#2.8.10.2": 0.0,
    "papyrus#1.0.0": 0.0,
    "mpich#3.3.1": 0.0,
    "cmake#3.18.5": 0.0,
    "libfabric#1.14.0": 0.0,
    "mpich#3.2": 0.0,
    "libfabric#1.6.2": 0.0,
    "mpich#3.1.3": 0.0,
    "cmake#3.19.8": 0.0,
    "mpich#3.2.1": 0.0,
    "mpich#develop": 0.0,
    "mpich#3.4.2": 0.0,
    "mpich#3.3.2": 0.0,
    "cmake#3.21.3": 0.0,
    "cmake#3.19.1": 0.0,
    "mpich#3.4.1": 0.0,
    "mpich#3.4": 0.0,
    "cmake#3.13.1": 0.0,
    "cmake#3.20.0": 0.0,
    "cmake#3.14.7": 0.0,
    "cmake#3.20.1": 0.0,
    "cmake#3.12.2": 0.0,
    "mpich#3.3": 0.0,