{
    "glib#2.70.2": 112.53642867040145,
    "libgcrypt#1.9.3": 112.53642867040145,
    "libgpg-error#1.42": 112.53642867040145,
    "gmp#6.2.1": 112.53642867040145,
    "autoconf-archive#2019.01.06": 112.53642867040145,
    "curl#7.80.0": 112.53642867040145,
    "slurm#21-08-1-1": 112.53642867040145,
    "gawk#5.1.0": 112.53642867040145,
    "munge#0.5.14": 112.53642867040145,
    "mpfr#4.1.0": 112.53642867040145,
    "meson#0.60.0": 101.02914577233022,
    "json-c#0.15": 98.72576995472674,
    "ninja#1.10.2": 96.31782434607487,
    "pcre#8.44": 92.10340371976184,
    "lz4#1.9.3": 92.10340371976184,
    "python#3.9.9": 88.29099652758885,
    "texinfo#6.5": 88.29099652758885,
    "libfabric#1.14.0": 84.81054144800365,
    "py-setuptools#59.4.0": 84.81054144800365,
    "findutils#4.8.0": 75.88479939543525,
    "sqlite#3.36.0": 64.37751649736401,
    "libbsd#0.11.3": 64.37751649736401,
    "expat#2.4.1": 64.37751649736401,
    "libmd#1.0.3": 64.37751649736401,
    "util-linux-uuid#2.36.2": 64.37751649736401,
    "libffi#3.3": 64.37751649736401,
    "numactl#2.0.14": 59.3046144340574,
    "gettext#0.21": 58.78703880235767,
    "tar#1.34": 57.08465422560583,
    "libpciaccess#0.16": 49.51497424006469,
    "util-macros#1.19.3": 49.51497424006469,
    "autoconf#2.69": 48.15891217303744,
    "libtool#2.4.6": 46.8473192601178,
    "automake#1.16.3": 46.8473192601178,
    "gcc@9.3.1": 46.71680561072296,
    "libsigsegv#2.13": 41.99288497994711,
    "m4#1.4.19": 41.99288497994711,
    "libxml2#2.9.12": 40.86604990127925,
    "xz#5.2.5": 40.86604990127925,
    "openssl#1.1.1l": 39.670945076729936,
    "perl#5.34.0": 35.56752327589365,
    "readline#8.1": 34.60277288207569,
    "gdbm#1.19": 34.60277288207569,
    "berkeley-db#18.1.40": 34.60277288207569,
    "gcc": 32.738815544928634,
    "bzip2#1.0.8": 32.738815544928634,
    "diffutils#3.8": 31.837680369458848,
    "ncurses#6.2": 31.837680369458848,
    "pkgconf#1.8.0": 31.837680369458848,
    "zlib#1.2.11": 31.837680369458848,
    "libiconv#1.16": 30.955925955399344,
    "mpich#3.4": 30.9475178843604,
    "broadwell": 30.092736178288224,
    "mpich#3.3.1": 21.274080295462223,
    "mpich#3.3.2": 21.274080295462223,
    "hwloc#1.11.1": 21.03934738391989,
    "mpich#3.4.1": 19.693875017320256,
    "mpich#3.3": 14.44767365191123,
    "hwloc#1.11.2": 14.026231589279927,
    "hwloc#1.11.10": 14.026231589279927,
    "hwloc#1.11.6": 12.875503299472802,
    "hwloc#1.9": 11.982929094215963,
    "hwloc#1.11.3": 10.519673691959945,
    "hwloc#1.11.7": 10.519673691959945,
    "hwloc#1.11.4": 10.519673691959945,
    "hwloc#1.11.11": 9.656627474604601,
    "cmake#3.13.0": 8.987196820661973,
    "cmake#3.17.4": 8.44023215028011,
    "hwloc#1.11.8": 7.824046010856292,
    "cmake#3.11.3": 7.013115794639964,
    "hwloc#1.11.5": 7.013115794639964,
    "hwloc#1.11.12": 7.013115794639964,
    "cmake#3.10.2": 5.991464547107982,
    "cmake#3.10.1": 5.626821433520073,
    "cmake#3.12.1": 5.626821433520073,
    "cmake#3.14.5": 5.318520073865556,
    "cmake#3.17.5": 5.051457288616511,
    "cmake#3.18.3": 5.051457288616511,
    "cmake#3.19.0": 4.605170185988092,
    "cmake#3.15.4": 3.2188758248682006,
    "cmake#3.8.0": 3.2188758248682006,
    "cmake#3.15.0": 3.2188758248682006,
    "cmake#3.11.1": 2.995732273553991,
    "cmake#3.13.3": 2.995732273553991,
    "cmake#3.11.2": 2.995732273553991,
    "cmake#3.15.7": 2.995732273553991,
    "cmake#3.15.2": 2.995732273553991,
    "cmake#3.16.5": 2.995732273553991,
    "cmake#3.16.3": 2.8134107167600364,
    "cmake#3.11.4": 2.8134107167600364,
    "cmake#3.14.7": 2.659260036932778,
    "cmake#3.15.6": 2.659260036932778,
    "cmake#3.16.2": 2.659260036932778,
    "cmake#3.14.6": 2.659260036932778,
    "cmake#3.19.3": 2.5257286443082556,
    "cmake#3.19.4": 2.407945608651872,
    "cmake#3.20.2": 2.407945608651872,
    "cmake#3.22.1": 1.8325814637483102,
    "openssh#8.7p1": 0.0,
    "openmpi#4.1.2": 0.0,
    "libevent#2.1.12": 0.0,
    "hwloc#2.6.0": 0.0,
    "libedit#3.1-20210216": 0.0,
    "swig#4.0.2-fortran": 0.0,
    "adlbx#1.0.0": 0.0,
    "tcl#8.5.19": 0.0,
    "exmcutils#0.6.0": 0.0,
    "bison#3.8.2": 0.0,
    "zsh#5.3.1": 0.0,
    "turbine#1.3.0": 0.0,
    "zsh#5.6.2": 0.0,
    "swig#4.0.0": 0.0,
    "exmcutils#master": 0.0,
    "turbine#master": 0.0,
    "adlbx#master": 0.0,
    "adlbx#0.9.1": 0.0,
    "swig#fortran": 0.0,
    "exmcutils#0.5.7": 0.0,
    "swig#3.0.2": 0.0,
    "zsh#5.8": 0.0,
    "swig#4.0.1": 0.0,
    "adlbx#0.9.2": 0.0,
    "zsh#5.1.1": 0.0,
    "swig#3.0.10": 0.0,
    "swig#4.0.2": 0.0,
    "swig#3.0.11": 0.0,
    "swig#1.3.40": 0.0,
    "swig#3.0.8": 0.0,
    "zsh#5.7.1": 0.0,
    "swig#2.0.2": 0.0,
    "zsh#5.4.2": 0.0,
    "swig#master": 0.0,
    "swig#2.0.12": 0.0,
    "swig#3.0.12": 0.0,
    "mpich#3.1.4": 0.0,
    "cmake#2.8.10.2": 0.0,
    "papyrus#1.0.0": 0.0,
    "cmake#3.18.5": 0.0,
    "mpich#3.2": 0.0,
    "libfabric#1.6.2": 0.0,
    "mpich#3.1.3": 0.0,
    "cmake#3.19.8": 0.0,
    "mpich#3.2.1": 0.0,
    "cmake#3.14.4": 0.0,
    "mpich#develop": 0.0,
    "cmake#3.21.1": 0.0,
    "mpich#3.4.2": 0.0,
    "cmake#3.21.3": 0.0,
    "cmake#3.19.1": 0.0,
    "cmake#3.16.0": 0.0,
    "cmake#3.13.1": 0.0,
    "cmake#3.20.0": 0.0,
    "cmake#3.8.1": 0.0,
    "cmake#3.20.1": 0.0,
    "cmake#3.12.2": 0.0,
    "cmake#3.19.5": 0.0,
    "cmake#3.18.4": 0.0,
    "cmake#3.12.3": 0.0,
    "cmake#3.13.2": 0.0,
    "cmake#3.19.2": 0.0,
    "cmake#3.16.1": 0.0,
    "cmake#3.13.4": 0.0,
    "cmake#3.16.4": 0.0,
    "cmake#3.11.0": 0.0,
    "cmake#3.9.6": 0.0,
    "cmake#3.17.0": 0.0,
    "cmake#3.16.8": 0.0,
    "cmake#3.16.9": 0.0,
    "cmake#3.9.4": 0.0,
    "cmake#3.12.4": 0.0,
    "cmake#3.9.0": 0.0,
    "cmake#3.15.3": 0.0,
    "cmake#3.19.7": 0.0,
    "cmake#3.10.0": 0.0,
    "cmake#3.14.3": 0.0,
    "cmake#3.14.0": 0.0,
    "cmake#master": 0.0,
    "cmake#3.9.2": 0.0,
    "cmake#3.17.3": 0.0,
    "cmake#3.15.5": 0.0,
    "cmake#3.14.2": 0.0,
    "cmake#3.8.2": 0.0,
    "libyogrt#1.22": 0.0,
    "libyogrt#1.21": 0.0,
    "gcc@6.1.0": 0.0,
    "python#3.9.6": 0.0,
    "llvm-amdgpu#3.8.0": 0.0,
    "z3#4.8.7": 0.0,
    "comgr#3.8.0": 0.0,
    "rocm-cmake#3.8.0": 0.0,
    "python#3.9.5": 0.0,
    "python#3.8.3": 0.0,
    "z3#4.8.9": 0.0,
    "python#3.7.9": 0.0,
    "llvm-amdgpu#4.3.1": 0.0,
    "python#3.7.5": 0.0,
    "python#3.7.6": 0.0,
    "python#3.5.4": 0.0,
    "comgr#4.3.1": 0.0,
    "rocm-cmake#4.3.1": 0.0,
    "python#3.8.7": 0.0,
    "python#3.5.1": 0.0,
    "cmake#3.10.3": 0.0,
    "python#3.6.12": 0.0,
    "python#3.5.6": 0.0,
    "cmake#3.6.0": 0.0,
    "python#3.7.11": 0.0,
    "python#3.7.7": 0.0,
    "python#3.6.7": 0.0,
    "python#3.7.4": 0.0,
    "python#3.6.4": 0.0,
    "python#3.7.8": 0.0,
    "python#3.8.5": 0.0,
    "python#3.8.1": 0.0,
    "binutils#2.20.1": 0.0,
    "cmake#3.5.1": 0.0,
    "python#3.9.4": 0.0,
    "cmake#3.5.2": 0.0,
    "python#3.5.9": 0.0,
    "binutils#2.23.2": 0.0,
    "python#3.9.1": 0.0,
    "python#3.5.10": 0.0,
    "python#3.6.8": 0.0,
    "upcxx#2020.11.0": 0.0,
    "python#2.7.16": 0.0,
    "mpich#3.1.1": 0.0,
    "upcxx#2020.10.0": 0.0,
    "mpich#3.1.2": 0.0,
    "python#2.7.14": 0.0,
    "upcxx#master": 0.0,
    "python#3.8.6": 0.0,
    "python#3.6.11": 0.0,
    "mpich#3.0.4": 0.0,
    "python#2.7.17": 0.0,
    "python#3.8.8": 0.0,
    "python#3.3.6": 0.0,
    "gdbm#1.21": 0.0,
    "python#3.6.14": 0.0,
    "python#3.7.1": 0.0,
    "python#3.5.7": 0.0,
    "upcxx#2021.9.0": 0.0,
    "legion#cr": 0.0,
    "gcc@4.9.3": 0.0,
    "legion#stable": 0.0,
    "legion#master": 0.0,
    "legion#21.03.0": 0.0,
    "cmake#3.19.6": 0.0,
    "cmake#3.20.4": 0.0,
    "cmake#3.18.1": 0.0,
    "cmake#3.18.6": 0.0,
    "cmake#3.20.3": 0.0,
    "cmake#3.18.2": 0.0,
    "cmake#3.21.2": 0.0,
    "cmake#3.21.0": 0.0,
    "cmake#3.18.0": 0.0,
    "cmake#3.16.6": 0.0,
    "cmake#3.16.7": 0.0,
    "cmake#3.20.5": 0.0,
    "cmake#3.17.1": 0.0,
    "python#2.7.18": 0.0,
    "perl-data-dumper#2.173": 0.0,
    "binutils#2.37": 0.0,