{
    "tcl#8.5.19": 196.36724224991897,
    "turbine#1.3.0": 161.30166327671915,
    "pcre#8.44": 123.60739513862438,
    "openmpi#4.1.2": 93.00094758201244,
    "libevent#2.1.12": 90.12852309630962,
    "openssh#8.7p1": 90.12852309630962,
    "libedit#3.1-20210216": 87.39627390282143,
    "numactl#2.0.14": 82.30185432330073,
    "exmcutils#0.5.7": 80.65083163835958,
    "zsh#5.8": 77.1442737410396,
    "hwloc#2.6.0": 75.43612428613012,
    "util-macros#1.19.3": 65.58624696416493,
    "libpciaccess#0.16": 65.58624696416493,
    "autoconf#2.69": 63.80831985854843,
    "gcc@9.3.1": 62.08510697321022,
    "libtool#2.4.6": 62.08510697321022,
    "automake#1.16.3": 60.41334103682808,
    "adlbx#1.0.0": 59.61148425443969,
    "exmcutils#0.6.0": 59.61148425443969,
    "adlbx#master": 56.10492635711971,
    "exmcutils#master": 56.10492635711971,
    "m4#1.4.19": 55.678127307256545,
    "libsigsegv#2.13": 55.678127307256545,
    "libxml2#2.9.12": 54.184705470655516,
    "xz#5.2.5": 54.184705470655516,
    "openssl#1.1.1l": 52.73007823207293,
    "perl#5.34.0": 47.26232393649362,
    "berkeley-db#18.1.40": 45.9749109159105,
    "gdbm#1.19": 45.9749109159105,
    "readline#8.1": 45.9749109159105,
    "bzip2#1.0.8": 43.48561221194379,
    "gcc": 43.48561221194379,
    "ncurses#6.2": 42.28126471956984,
    "zlib#1.2.11": 42.28126471956984,
    "diffutils#3.8": 42.28126471956984,
    "pkgconf#1.8.0": 42.28126471956984,
    "adlbx#0.9.1": 42.07869476783978,
    "libiconv#1.16": 41.10227380449123,
    "broadwell": 39.94759372113803,
    "zsh#5.3.1": 38.5721368705198,
    "adlbx#0.9.2": 38.5721368705198,
    "bison#3.8.2": 36.57433931788047,
    "turbine#master": 35.06557897319982,
    "zsh#5.6.2": 35.06557897319982,
    "swig#2.0.12": 24.54590528123987,
    "swig#fortran": 21.03934738391989,
    "zsh#5.7.1": 21.03934738391989,
    "swig#4.0.2": 19.313254949209202,
    "swig#3.0.10": 17.53278948659991,
    "zsh#5.4.2": 17.53278948659991,
    "swig#4.0.2-fortran": 14.026231589279927,
    "swig#4.0.0": 14.026231589279927,
    "swig#3.0.8": 14.026231589279927,
    "swig#2.0.2": 14.026231589279927,
    "swig#3.0.2": 10.519673691959945,
    "swig#4.0.1": 10.519673691959945,
    "swig#3.0.11": 10.519673691959945,
    "swig#1.3.40": 10.519673691959945,
    "swig#master": 10.519673691959945,
    "zsh#5.1.1": 7.013115794639964,
    "swig#3.0.12": 3.506557897319982,
    "mpich#3.1.4": 0.0,
    "findutils#4.8.0": 0.0,
    "cmake#2.8.10.2": 0.0,
    "libfabric#1.14.0": 0.0,
    "cmake#3.18.5": 0.0,
    "papyrus#1.0.0": 0.0,
    "mpich#3.3.1": 0.0,
    "cmake#3.10.2": 0.0,
    "mpich#3.2": 0.0,
    "libfabric#1.6.2": 0.0,
    "cmake#3.19.8": 0.0,
    "mpich#3.1.3": 0.0,
    "cmake#3.14.4": 0.0,
    "mpich#3.2.1": 0.0,
    "libmd#1.0.3": 0.0,
    "python#3.9.9": 0.0,
    "mpich#develop": 0.0,
    "libbsd#0.11.3": 0.0,
    "cmake#3.21.1": 0.0,
    "gettext#0.21": 0.0,
    "sqlite#3.36.0": 0.0,
    "util-linux-uuid#2.36.2": 0.0,
    "expat#2.4.1": 0.0,
    "tar#1.34": 0.0,
    "libffi#3.3": 0.0,
    "mpich#3.4.2": 0.0,
    "cmake#3.21.3": 0.0,
    "mpich#3.3.2": 0.0,
    "cmake#3.19.1": 0.0,
    "mpich#3.4.1": 0.0,
    "mpich#3.4": 0.0,
    "cmake#3.16.0": 0.0,
    "cmake#3.13.1": 0.0,
    "cmake#3.20.0": 0.0,
    "cmake#3.14.7": 0.0,
    "cmake#3.8.1": 0.0,
    "cmake#3.20.1": 0.0,
    "cmake#3.12.2": 0.0,
    "mpich#3.3": 0.0,
    "cmake#3.17.4": 0.0,
    "cmake#3.19.5": 0.0,
    "cmake#3.18.4": 0.0,
    "cmake#3.19.4": 0.0,
    "cmake#3.12.3": 0.0,
    "cmake#3.13.2": 0.0,
    "cmake#3.19.2": 0.0,
    "cmake#3.16.1": 0.0,
    "cmake#3.13.4": 0.0,
    "cmake#3.16.4": 0.0,
    "cmake#3.14.5": 0.0,
    "cmake#3.11.0": 0.0,
    "cmake#3.15.6": 0.0,
    "cmake#3.9.6": 0.0,
    "cmake#3.17.0": 0.0,
    "cmake#3.10.1": 0.0,
    "cmake#3.15.4": 0.0,
    "cmake#3.11.1": 0.0,
    "cmake#3.19.3": 0.0,
    "cmake#3.16.8": 0.0,
    "cmake#3.13.3": 0.0,
    "cmake#3.16.2": 0.0,
    "cmake#3.16.9": 0.0,
    "cmake#3.9.4": 0.0,
    "cmake#3.11.2": 0.0,
    "cmake#3.12.4": 0.0,
    "cmake#3.9.0": 0.0,
    "cmake#3.15.3": 0.0,
    "cmake#3.8.0": 0.0,
    "cmake#3.19.7": 0.0,
    "cmake#3.10.0": 0.0,
    "cmake#3.14.3": 0.0,
    "cmake#3.14.0": 0.0,
    "cmake#3.15.7": 0.0,
    "cmake#3.16.3": 0.0,
    "cmake#3.17.5": 0.0,
    "cmake#3.15.0": 0.0,
    "cmake#master": 0.0,
    "cmake#3.15.2": 0.0,
    "cmake#3.9.2": 0.0,
    "cmake#3.17.3": 0.0,
    "cmake#3.18.3": 0.0,
    "cmake#3.13.0": 0.0,
    "cmake#3.15.5": 0.0,
    "cmake#3.14.2": 0.0,
    "cmake#3.8.2": 0.0,
    "cmake#3.11.4": 0.0,
    "slurm#21-08-1-1": 0.0,
    "lz4#1.9.3": 0.0,
    "meson#0.60.0": 0.0,
    "json-c#0.15": 0.0,
    "libgcrypt#1.9.3": 0.0,
    "libyogrt#1.22": 0.0,
    "mpfr#4.1.0": 0.0,
    "gawk#5.1.0": 0.0,
    "libgpg-error#1.42": 0.0,
    "py-setuptools#59.4.0": 0.0,
    "glib#2.70.2": 0.0,
    "curl#7.80.0": 0.0,
    "munge#0.5.14": 0.0,
    "cmake#3.22.1": 0.0,
    "gmp#6.2.1": 0.0,
    "autoconf-archive#2019.01.06": 0.0,
    "ninja#1.10.2": 0.0,
    "texinfo#6.5": 0.0,
    "libyogrt#1.21": 0.0,
    "gcc@6.1.0": 0.0,
    "llvm-amdgpu#3.8.0": 0.0,
    "z3#4.8.7": 0.0,
    "python#3.9.6": 0.0,
    "rocm-cmake#3.8.0": 0.0,
    "python#3.9.5": 0.0,
    "comgr#3.8.0": 0.0,
    "python#3.8.3": 0.0,
    "z3#4.8.9": 0.0,
    "python#3.7.9": 0.0,
    "cmake#3.14.6": 0.0,
    "llvm-amdgpu#4.3.1": 0.0,
    "python#3.7.5": 0.0,
    "python#3.7.6": 0.0,
    "python#3.5.4": 0.0,
    "rocm-cmake#4.3.1": 0.0,
    "comgr#4.3.1": 0.0,
    "python#3.8.7": 0.0,
    "python#3.5.1": 0.0,
    "cmake#3.10.3": 0.0,
    "python#3.6.12": 0.0,
    "python#3.5.6": 0.0,
    "python#3.7.11": 0.0,
    "cmake#3.6.0": 0.0,
    "python#3.7.7": 0.0,
    "python#3.6.7": 0.0,
    "python#3.7.4": 0.0,
    "python#3.6.4": 0.0,
    "python#3.7.8": 0.0,
    "python#3.8.5": 0.0,
    "python#3.8.1": 0.0,
    "binutils#2.20.1": 0.0,
    "python#3.9.4": 0.0,
    "cmake#3.5.1": 0.0,
    "python#3.5.9": 0.0,
    "cmake#3.5.2": 0.0,
    "binutils#2.23.2": 0.0,
    "python#3.9.1": 0.0,
    "python#3.5.10": 0.0,
    "python#3.6.8": 0.0,
    "upcxx#2020.11.0": 0.0,
    "upcxx#2020.10.0": 0.0,
    "python#2.7.16": 0.0,
    "mpich#3.1.1": 0.0,
    "python#2.7.14": 0.0,
    "upcxx#master": 0.0,
    "mpich#3.1.2": 0.0,
    "python#3.8.6": 0.0,
    "mpich#3.0.4": 0.0,
    "python#3.6.11": 0.0,
    "python#2.7.17": 0.0,
    "python#3.8.8": 0.0,
    "gdbm#1.21": 0.0,
    "python#3.3.6": 0.0,
    "python#3.6.14": 0.0,
    "python#3.7.1": 0.0,
    "python#3.5.7": 0.0,
    "upcxx#2021.9.0": 0.0,
    "legion#cr": 0.0,
    "gcc@4.9.3": 0.0,
    "legion#stable": 0.0,
    "legion#master": 0.0,
    "legion#21.03.0": 0.0,
    "cmake#3.19.0": 0.0,
    "cmake#3.19.6": 0.0,
    "cmake#3.20.4": 0.0,
    "cmake#3.18.1": 0.0,
    "cmake#3.18.6": 0.0,
    "cmake#3.20.3": 0.0,
    "cmake#3.20.2": 0.0,
    "cmake#3.18.2": 0.0,
    "cmake#3.21.2": 0.0,
    "cmake#3.21.0": 0.0,
    "cmake#3.18.0": 0.0,
    "cmake#3.16.5": 0.0,
    "cmake#3.16.6": 0.0,
    "cmake#3.16.7": 0.0,
    "cmake#3.20.5": 0.0,
    "cmake#3.17.1": 0.0,
    "binutils#2.37": 0.0,
    "llvm#4.0.1": 0.0,
    "python#2.7.18": 0.0,
    "perl-data-dumper#2.173": 0.0,
    "llvm#3.7.1": 0.0,
    "llvm#4.0.0": 0.0,
    "cmake#3.12.0": 0.0,
    "automake#1.13.4": 0.0,
    "autoconf#2.62": 0.0,
    "libtool#develop": 0.0,
    "help2man#1.47.16": 0.0,
    "automake#1.15.1": 0.0,
    "automake#1.16.2": 0.0,
    "automake#1.16.1": 0.0,
    "automake#1.15": 0.0,
    "autoconf#2.59": 0.0,
    "automake#1.14.1": 0.0,
    "boost#1.48.0": 0.0,
    "boost#1.49.0": 0.0,
    "python#2.7.13": 0.0,
    "openblas#0.3.15": 0.0,
    "python#3.5.3": 0.0,
    "phist#1.9.5": 0.0,
    "python#3.4.3": 0.0,
    "python#2.7.10": 0.0,
    "python#2.7.12": 0.0,
    "openblas#0.3.18": 0.0,
    "phist#1.9.0": 0.0,
    "python#2.7.8": 0.0,
    "phist#1.7.3": 0.0,
    "openblas#0.3.6": 0.0,
    "phist#1.9.1": 0.0,
    "openblas#develop": 0.0,
    "python#3.2.6": 0.0,
    "python#3.6.13": 0.0,
    "openblas#0.3.16": 0.0,
    "mpich#3.1": 0.0,